"Reference","Qty","Value","DNP","Exclude from BOM","Exclude from Board","Footprint","Datasheet"
"C1,C3","2","10uF","","","","Capacitor_SMD:C_0805_2012Metric_Pad1.18x1.45mm_HandSolder",""
"C2,C5,C6","3","100nF","","","","Capacitor_SMD:C_0805_2012Metric_Pad1.18x1.45mm_HandSolder",""
"C4","1","22uF","","","","Capacitor_SMD:C_0805_2012Metric_Pad1.18x1.45mm_HandSolder",""
"D1,D2,D3","3","LED","","","","LED_SMD:LED_0805_2012Metric_Pad1.15x1.40mm_HandSolder",""
"J1","1","USB_C_Receptacle_USB2.0_16P","","","","Connector_USB:USB_C_Receptacle_G-Switch_GT-USB-7010ASV","https://www.usb.org/sites/default/files/documents/usb_type-c.zip"
"J2","1","ESP32 L","","","","Connector_PinHeader_2.54mm:PinHeader_1x19_P2.54mm_Vertical",""
"J3,J13","2","ESP32 R","","","","Connector_PinHeader_2.54mm:PinHeader_1x19_P2.54mm_Vertical",""
"J4","1","ESP32 Rail1L","","","","Connector_PinHeader_2.54mm:PinHeader_1x19_P2.54mm_Vertical",""
"J5","1","ESP32 Rail1R","","","","Connector_PinHeader_2.54mm:PinHeader_1x19_P2.54mm_Vertical",""
"J6","1","ESP32 Rail2L","","","","Connector_PinHeader_2.54mm:PinHeader_1x19_P2.54mm_Vertical",""
"J7","1","ESP32 Rail2R","","","","Connector_PinHeader_2.54mm:PinHeader_1x19_P2.54mm_Vertical",""
"J8","1","5V Rail","","","","Connector_PinHeader_2.54mm:PinHeader_1x09_P2.54mm_Vertical",""
"J9,J12","2","GND Rail","","","","Connector_PinHeader_2.54mm:PinHeader_1x09_P2.54mm_Vertical",""
"J10","1","3.3V Rail","","","","Connector_PinHeader_2.54mm:PinHeader_1x09_P2.54mm_Vertical",""
"J11","1","Test_LED","","","","Connector_PinHeader_2.54mm:PinHeader_1x01_P2.54mm_Vertical",""
"R1,R2","2","5.1k","","","","Resistor_SMD:R_0805_2012Metric_Pad1.20x1.40mm_HandSolder",""
"R3,R4,R5","3","1k","","","","Resistor_SMD:R_0805_2012Metric_Pad1.20x1.40mm_HandSolder",""
"U1","1","AMS1117-3.3","","","","Package_TO_SOT_SMD:SOT-223-3_TabPin2","http://www.advanced-monolithic.com/pdf/ds1117.pdf"
